Product Name,Rating,Price,Product Link,Image URL
Fossil Raquel Women's Watch with Rectangular Case and Stainless Steel Bracelet or Leather Band,No rating,170.,https://www.amazon.com/sspa/click?ie=UTF8&spc=MTo1OTg4OTQxNDAzMTE1ODI2OjE3MjcyNTI4NDg6c3BfYXRmOjMwMDE3NjgyMDYwMzkwMjo6MDo6&url=%2FFossil-Womens-Raquel-Stainless-Three-Hand%2Fdp%2FB0B4H5YZWS%2Fref%3Dsr_1_1_sspa%3Fdib%3DeyJ2IjoiMSJ9.TjZCxwqopMjUvuJl3tDxzhOO9kTK8w6wHw8wsnLgIVk0zY6oIdCZ4d0vNcgKPCdoLtN9T1BcsNA91kZKa9K0lL8b0AAmjeSsGvpVPTtrM7ON8plwA4OdHR_cYlcR8EfManGhElrdlv0HlmXNVuwBHw3A1xaCnJZJPD6WYGL0uBUpUkb0pJk7o4N0rHaJV9xwWbBXUILR3s_7GDMumP9SmOg4eWJtUEZD3rkAEKhJRKLb-b_lEt2dvxFL3Yqnk8jW7h2mA_jrzeAwjLKizHelZiSNc0Xawzl3pNFvu5QjAHI.3A5sGkySBuvT3mDgxstiTE1dQDhZyb1l7VbaJvyoHPw%26dib_tag%3Dse%26keywords%3Dwomen%2Bwatch%26qid%3D1727252848%26sr%3D8-1-spons%26sp_csd%3Dd2lkZ2V0TmFtZT1zcF9hdGY%26psc%3D1,https://m.media-amazon.com/images/I/6169L+Uvs+L._AC_UL320_.jpg
"Armitron Women's Easy to Read Bracelet Watch, 75-5304",No rating,32.,https://www.amazon.com/sspa/click?ie=UTF8&spc=MTo1OTg4OTQxNDAzMTE1ODI2OjE3MjcyNTI4NDg6c3BfYXRmOjIwMDA5MzUyMTY4MzU3MTo6MDo6&url=%2FArmitron-Womens-Bracelet-Watch-75%2Fdp%2FB09HV765GV%2Fref%3Dsr_1_2_sspa%3Fdib%3DeyJ2IjoiMSJ9.TjZCxwqopMjUvuJl3tDxzhOO9kTK8w6wHw8wsnLgIVk0zY6oIdCZ4d0vNcgKPCdoLtN9T1BcsNA91kZKa9K0lL8b0AAmjeSsGvpVPTtrM7ON8plwA4OdHR_cYlcR8EfManGhElrdlv0HlmXNVuwBHw3A1xaCnJZJPD6WYGL0uBUpUkb0pJk7o4N0rHaJV9xwWbBXUILR3s_7GDMumP9SmOg4eWJtUEZD3rkAEKhJRKLb-b_lEt2dvxFL3Yqnk8jW7h2mA_jrzeAwjLKizHelZiSNc0Xawzl3pNFvu5QjAHI.3A5sGkySBuvT3mDgxstiTE1dQDhZyb1l7VbaJvyoHPw%26dib_tag%3Dse%26keywords%3Dwomen%2Bwatch%26qid%3D1727252848%26sr%3D8-2-spons%26sp_csd%3Dd2lkZ2V0TmFtZT1zcF9hdGY%26psc%3D1,https://m.media-amazon.com/images/I/71bWD4f06wL._AC_UL320_.jpg
"Fossil Jacqueline Women's Watch with Stainless Steel or Leather Band, Analog Watch Display",No rating,105.,https://www.amazon.com/sspa/click?ie=UTF8&spc=MTo1OTg4OTQxNDAzMTE1ODI2OjE3MjcyNTI4NDg6c3BfYXRmOjMwMDE3NjgyMDYwMzAwMjo6MDo6&url=%2FFossil-Womens-ES3988-Jacqueline-Leather%2Fdp%2FB01BM5NTNQ%2Fref%3Dsr_1_3_sspa%3Fdib%3DeyJ2IjoiMSJ9.TjZCxwqopMjUvuJl3tDxzhOO9kTK8w6wHw8wsnLgIVk0zY6oIdCZ4d0vNcgKPCdoLtN9T1BcsNA91kZKa9K0lL8b0AAmjeSsGvpVPTtrM7ON8plwA4OdHR_cYlcR8EfManGhElrdlv0HlmXNVuwBHw3A1xaCnJZJPD6WYGL0uBUpUkb0pJk7o4N0rHaJV9xwWbBXUILR3s_7GDMumP9SmOg4eWJtUEZD3rkAEKhJRKLb-b_lEt2dvxFL3Yqnk8jW7h2mA_jrzeAwjLKizHelZiSNc0Xawzl3pNFvu5QjAHI.3A5sGkySBuvT3mDgxstiTE1dQDhZyb1l7VbaJvyoHPw%26dib_tag%3Dse%26keywords%3Dwomen%2Bwatch%26qid%3D1727252848%26sr%3D8-3-spons%26sp_csd%3Dd2lkZ2V0TmFtZT1zcF9hdGY%26psc%3D1,https://m.media-amazon.com/images/I/71yiY5R3p8S._AC_UL320_.jpg
"Fossil Women's Riley Quartz Stainless Steel Multifunction Watch, Color: Rose Gold Glitz (Model: ES2811)",No rating,67.,https://www.amazon.com/sspa/click?ie=UTF8&spc=MTo1OTg4OTQxNDAzMTE1ODI2OjE3MjcyNTI4NDg6c3BfYXRmOjMwMDE3NjgyMDYwMzMwMjo6MDo6&url=%2FFossil-Womens-Riley-Quartz-Stainless%2Fdp%2FB004D4S7AY%2Fref%3Dsr_1_4_sspa%3Fdib%3DeyJ2IjoiMSJ9.TjZCxwqopMjUvuJl3tDxzhOO9kTK8w6wHw8wsnLgIVk0zY6oIdCZ4d0vNcgKPCdoLtN9T1BcsNA91kZKa9K0lL8b0AAmjeSsGvpVPTtrM7ON8plwA4OdHR_cYlcR8EfManGhElrdlv0HlmXNVuwBHw3A1xaCnJZJPD6WYGL0uBUpUkb0pJk7o4N0rHaJV9xwWbBXUILR3s_7GDMumP9SmOg4eWJtUEZD3rkAEKhJRKLb-b_lEt2dvxFL3Yqnk8jW7h2mA_jrzeAwjLKizHelZiSNc0Xawzl3pNFvu5QjAHI.3A5sGkySBuvT3mDgxstiTE1dQDhZyb1l7VbaJvyoHPw%26dib_tag%3Dse%26keywords%3Dwomen%2Bwatch%26qid%3D1727252848%26sr%3D8-4-spons%26sp_csd%3Dd2lkZ2V0TmFtZT1zcF9hdGY%26psc%3D1,https://m.media-amazon.com/images/I/71CCvrJ5JBL._AC_UL320_.jpg
Anne Klein Women's Bracelet Watch,No rating,28.,https://www.amazon.com/Anne-Klein-Dress-Watch-Model/dp/B08G1XQ99P/ref=sr_1_5?dib=eyJ2IjoiMSJ9.TjZCxwqopMjUvuJl3tDxzhOO9kTK8w6wHw8wsnLgIVk0zY6oIdCZ4d0vNcgKPCdoLtN9T1BcsNA91kZKa9K0lL8b0AAmjeSsGvpVPTtrM7ON8plwA4OdHR_cYlcR8EfManGhElrdlv0HlmXNVuwBHw3A1xaCnJZJPD6WYGL0uBUpUkb0pJk7o4N0rHaJV9xwWbBXUILR3s_7GDMumP9SmOg4eWJtUEZD3rkAEKhJRKLb-b_lEt2dvxFL3Yqnk8jW7h2mA_jrzeAwjLKizHelZiSNc0Xawzl3pNFvu5QjAHI.3A5sGkySBuvT3mDgxstiTE1dQDhZyb1l7VbaJvyoHPw&dib_tag=se&keywords=women+watch&qid=1727252848&sr=8-5,https://m.media-amazon.com/images/I/71liLJsxEOL._AC_UL320_.jpg
Anne Klein Women's Genuine Diamond Dial Bangle Watch,No rating,23.,https://www.amazon.com/Anne-Klein-AK-1980BKGB-Diamond-Accented/dp/B00ZHJDT7U/ref=sr_1_6?dib=eyJ2IjoiMSJ9.TjZCxwqopMjUvuJl3tDxzhOO9kTK8w6wHw8wsnLgIVk0zY6oIdCZ4d0vNcgKPCdoLtN9T1BcsNA91kZKa9K0lL8b0AAmjeSsGvpVPTtrM7ON8plwA4OdHR_cYlcR8EfManGhElrdlv0HlmXNVuwBHw3A1xaCnJZJPD6WYGL0uBUpUkb0pJk7o4N0rHaJV9xwWbBXUILR3s_7GDMumP9SmOg4eWJtUEZD3rkAEKhJRKLb-b_lEt2dvxFL3Yqnk8jW7h2mA_jrzeAwjLKizHelZiSNc0Xawzl3pNFvu5QjAHI.3A5sGkySBuvT3mDgxstiTE1dQDhZyb1l7VbaJvyoHPw&dib_tag=se&keywords=women+watch&qid=1727252848&sr=8-6,https://m.media-amazon.com/images/I/71QDsaFZF9L._AC_UL320_.jpg
Nine West Women's Crystal Accented Bracelet Watch,No rating,18.,https://www.amazon.com/Nine-West-Accented-Gold-Tone-Bracelet/dp/B075YYK9NL/ref=sr_1_7?dib=eyJ2IjoiMSJ9.TjZCxwqopMjUvuJl3tDxzhOO9kTK8w6wHw8wsnLgIVk0zY6oIdCZ4d0vNcgKPCdoLtN9T1BcsNA91kZKa9K0lL8b0AAmjeSsGvpVPTtrM7ON8plwA4OdHR_cYlcR8EfManGhElrdlv0HlmXNVuwBHw3A1xaCnJZJPD6WYGL0uBUpUkb0pJk7o4N0rHaJV9xwWbBXUILR3s_7GDMumP9SmOg4eWJtUEZD3rkAEKhJRKLb-b_lEt2dvxFL3Yqnk8jW7h2mA_jrzeAwjLKizHelZiSNc0Xawzl3pNFvu5QjAHI.3A5sGkySBuvT3mDgxstiTE1dQDhZyb1l7VbaJvyoHPw&dib_tag=se&keywords=women+watch&qid=1727252848&sr=8-7,https://m.media-amazon.com/images/I/81-HbGIsxVL._AC_UL320_.jpg
Nine West Women's Strap Watch,No rating,16.,https://www.amazon.com/Nine-West-Womens-Strap-Watch/dp/B09HV5XZPP/ref=sr_1_8?dib=eyJ2IjoiMSJ9.TjZCxwqopMjUvuJl3tDxzhOO9kTK8w6wHw8wsnLgIVk0zY6oIdCZ4d0vNcgKPCdoLtN9T1BcsNA91kZKa9K0lL8b0AAmjeSsGvpVPTtrM7ON8plwA4OdHR_cYlcR8EfManGhElrdlv0HlmXNVuwBHw3A1xaCnJZJPD6WYGL0uBUpUkb0pJk7o4N0rHaJV9xwWbBXUILR3s_7GDMumP9SmOg4eWJtUEZD3rkAEKhJRKLb-b_lEt2dvxFL3Yqnk8jW7h2mA_jrzeAwjLKizHelZiSNc0Xawzl3pNFvu5QjAHI.3A5sGkySBuvT3mDgxstiTE1dQDhZyb1l7VbaJvyoHPw&dib_tag=se&keywords=women+watch&qid=1727252848&sr=8-8,https://m.media-amazon.com/images/I/51RuNa4Ti4L._AC_UL320_.jpg
Anne Klein Women's Bracelet Watch,No rating,26.,https://www.amazon.com/Anne-Klein-Womens-105491SVTT-Two-Tone/dp/B000U5O5XI/ref=sr_1_9?dib=eyJ2IjoiMSJ9.TjZCxwqopMjUvuJl3tDxzhOO9kTK8w6wHw8wsnLgIVk0zY6oIdCZ4d0vNcgKPCdoLtN9T1BcsNA91kZKa9K0lL8b0AAmjeSsGvpVPTtrM7ON8plwA4OdHR_cYlcR8EfManGhElrdlv0HlmXNVuwBHw3A1xaCnJZJPD6WYGL0uBUpUkb0pJk7o4N0rHaJV9xwWbBXUILR3s_7GDMumP9SmOg4eWJtUEZD3rkAEKhJRKLb-b_lEt2dvxFL3Yqnk8jW7h2mA_jrzeAwjLKizHelZiSNc0Xawzl3pNFvu5QjAHI.3A5sGkySBuvT3mDgxstiTE1dQDhZyb1l7VbaJvyoHPw&dib_tag=se&keywords=women+watch&qid=1727252848&sr=8-9,https://m.media-amazon.com/images/I/81JVXUTHKVL._AC_UL320_.jpg
Anne Klein Women's Leather Strap Watch,No rating,24.,https://www.amazon.com/Anne-Klein-109442CHHY-Gold-Tone-Champagne/dp/B004X4Y9ME/ref=sr_1_10?dib=eyJ2IjoiMSJ9.TjZCxwqopMjUvuJl3tDxzhOO9kTK8w6wHw8wsnLgIVk0zY6oIdCZ4d0vNcgKPCdoLtN9T1BcsNA91kZKa9K0lL8b0AAmjeSsGvpVPTtrM7ON8plwA4OdHR_cYlcR8EfManGhElrdlv0HlmXNVuwBHw3A1xaCnJZJPD6WYGL0uBUpUkb0pJk7o4N0rHaJV9xwWbBXUILR3s_7GDMumP9SmOg4eWJtUEZD3rkAEKhJRKLb-b_lEt2dvxFL3Yqnk8jW7h2mA_jrzeAwjLKizHelZiSNc0Xawzl3pNFvu5QjAHI.3A5sGkySBuvT3mDgxstiTE1dQDhZyb1l7VbaJvyoHPw&dib_tag=se&keywords=women+watch&qid=1727252848&sr=8-10,https://m.media-amazon.com/images/I/81PrmvhOIVL._AC_UL320_.jpg
Amazon Essentials Women's Faux Leather Strap Watch,No rating,19.,https://www.amazon.com/sspa/click?ie=UTF8&spc=MTo1OTg4OTQxNDAzMTE1ODI2OjE3MjcyNTI4NDg6c3BfbXRmOjIwMDAyNDUwNzkyNjI5ODo6MDo6&url=%2FAmazon-Essentials-Womens-Leather-Strap%2Fdp%2FB09KCML619%2Fref%3Dsr_1_11_ffob_sspa%3Fdib%3DeyJ2IjoiMSJ9.TjZCxwqopMjUvuJl3tDxzhOO9kTK8w6wHw8wsnLgIVk0zY6oIdCZ4d0vNcgKPCdoLtN9T1BcsNA91kZKa9K0lL8b0AAmjeSsGvpVPTtrM7ON8plwA4OdHR_cYlcR8EfManGhElrdlv0HlmXNVuwBHw3A1xaCnJZJPD6WYGL0uBUpUkb0pJk7o4N0rHaJV9xwWbBXUILR3s_7GDMumP9SmOg4eWJtUEZD3rkAEKhJRKLb-b_lEt2dvxFL3Yqnk8jW7h2mA_jrzeAwjLKizHelZiSNc0Xawzl3pNFvu5QjAHI.3A5sGkySBuvT3mDgxstiTE1dQDhZyb1l7VbaJvyoHPw%26dib_tag%3Dse%26keywords%3Dwomen%2Bwatch%26qid%3D1727252848%26sr%3D8-11-spons%26sp_csd%3Dd2lkZ2V0TmFtZT1zcF9tdGY%26psc%3D1,https://m.media-amazon.com/images/I/71Wo0kS9JqL._AC_UL320_.jpg
"Fossil Women's Dive-Inspired Sports Watch with Stainless Steel, Ceramic, or Silicone Band",No rating,133.,https://www.amazon.com/sspa/click?ie=UTF8&spc=MTo1OTg4OTQxNDAzMTE1ODI2OjE3MjcyNTI4NDg6c3BfbXRmOjMwMDM0NTk0NTUxOTAwMjo6MDo6&url=%2FFossil-Womens-Quartz-Stainless-Three-Hand%2Fdp%2FB0CZ9KGK1X%2Fref%3Dsr_1_12_sspa%3Fdib%3DeyJ2IjoiMSJ9.TjZCxwqopMjUvuJl3tDxzhOO9kTK8w6wHw8wsnLgIVk0zY6oIdCZ4d0vNcgKPCdoLtN9T1BcsNA91kZKa9K0lL8b0AAmjeSsGvpVPTtrM7ON8plwA4OdHR_cYlcR8EfManGhElrdlv0HlmXNVuwBHw3A1xaCnJZJPD6WYGL0uBUpUkb0pJk7o4N0rHaJV9xwWbBXUILR3s_7GDMumP9SmOg4eWJtUEZD3rkAEKhJRKLb-b_lEt2dvxFL3Yqnk8jW7h2mA_jrzeAwjLKizHelZiSNc0Xawzl3pNFvu5QjAHI.3A5sGkySBuvT3mDgxstiTE1dQDhZyb1l7VbaJvyoHPw%26dib_tag%3Dse%26keywords%3Dwomen%2Bwatch%26qid%3D1727252848%26sr%3D8-12-spons%26sp_csd%3Dd2lkZ2V0TmFtZT1zcF9tdGY%26psc%3D1,https://m.media-amazon.com/images/I/710hgjcuV2L._AC_UL320_.jpg
"Skagen Hagen Rectangular Case Women's Watch with Stainless Steel Bracelet, Mesh or Leather Band",No rating,165.,https://www.amazon.com/sspa/click?ie=UTF8&spc=MTo1OTg4OTQxNDAzMTE1ODI2OjE3MjcyNTI4NDg6c3BfbXRmOjMwMDI3MzY0NzQ5OTkwMjo6MDo6&url=%2FSkagen-Womens-Hagen-Three-Hand-Stainless%2Fdp%2FB0CCHPDCYS%2Fref%3Dsr_1_13_sspa%3Fdib%3DeyJ2IjoiMSJ9.TjZCxwqopMjUvuJl3tDxzhOO9kTK8w6wHw8wsnLgIVk0zY6oIdCZ4d0vNcgKPCdoLtN9T1BcsNA91kZKa9K0lL8b0AAmjeSsGvpVPTtrM7ON8plwA4OdHR_cYlcR8EfManGhElrdlv0HlmXNVuwBHw3A1xaCnJZJPD6WYGL0uBUpUkb0pJk7o4N0rHaJV9xwWbBXUILR3s_7GDMumP9SmOg4eWJtUEZD3rkAEKhJRKLb-b_lEt2dvxFL3Yqnk8jW7h2mA_jrzeAwjLKizHelZiSNc0Xawzl3pNFvu5QjAHI.3A5sGkySBuvT3mDgxstiTE1dQDhZyb1l7VbaJvyoHPw%26dib_tag%3Dse%26keywords%3Dwomen%2Bwatch%26qid%3D1727252848%26sr%3D8-13-spons%26sp_csd%3Dd2lkZ2V0TmFtZT1zcF9tdGY%26psc%3D1,https://m.media-amazon.com/images/I/71HAruLvdAL._AC_UL320_.jpg
"Fossil Women's Scarlette Mini Quartz Stainless Steel Three-Hand Watch, Color: Gold/Silver (Model: ES4949)",No rating,108.,https://www.amazon.com/sspa/click?ie=UTF8&spc=MTo1OTg4OTQxNDAzMTE1ODI2OjE3MjcyNTI4NDg6c3BfbXRmOjMwMDI1OTEyMzUwNzMwMjo6MDo6&url=%2FFossil-Womens-Scarlette-Stainless-Multicolor%2Fdp%2FB08KTTQFBV%2Fref%3Dsr_1_14_sspa%3Fdib%3DeyJ2IjoiMSJ9.TjZCxwqopMjUvuJl3tDxzhOO9kTK8w6wHw8wsnLgIVk0zY6oIdCZ4d0vNcgKPCdoLtN9T1BcsNA91kZKa9K0lL8b0AAmjeSsGvpVPTtrM7ON8plwA4OdHR_cYlcR8EfManGhElrdlv0HlmXNVuwBHw3A1xaCnJZJPD6WYGL0uBUpUkb0pJk7o4N0rHaJV9xwWbBXUILR3s_7GDMumP9SmOg4eWJtUEZD3rkAEKhJRKLb-b_lEt2dvxFL3Yqnk8jW7h2mA_jrzeAwjLKizHelZiSNc0Xawzl3pNFvu5QjAHI.3A5sGkySBuvT3mDgxstiTE1dQDhZyb1l7VbaJvyoHPw%26dib_tag%3Dse%26keywords%3Dwomen%2Bwatch%26qid%3D1727252848%26sr%3D8-14-spons%26sp_csd%3Dd2lkZ2V0TmFtZT1zcF9tdGY%26psc%3D1,https://m.media-amazon.com/images/I/71GGKKgmRlL._AC_UL320_.jpg
Nine West Women's Strap Watch,No rating,19.,https://www.amazon.com/Nine-West-Gold-Tone-NW-2346GPBK/dp/B07T4GYVFD/ref=sr_1_15?dib=eyJ2IjoiMSJ9.TjZCxwqopMjUvuJl3tDxzhOO9kTK8w6wHw8wsnLgIVk0zY6oIdCZ4d0vNcgKPCdoLtN9T1BcsNA91kZKa9K0lL8b0AAmjeSsGvpVPTtrM7ON8plwA4OdHR_cYlcR8EfManGhElrdlv0HlmXNVuwBHw3A1xaCnJZJPD6WYGL0uBUpUkb0pJk7o4N0rHaJV9xwWbBXUILR3s_7GDMumP9SmOg4eWJtUEZD3rkAEKhJRKLb-b_lEt2dvxFL3Yqnk8jW7h2mA_jrzeAwjLKizHelZiSNc0Xawzl3pNFvu5QjAHI.3A5sGkySBuvT3mDgxstiTE1dQDhZyb1l7VbaJvyoHPw&dib_tag=se&keywords=women+watch&qid=1727252848&sr=8-15,https://m.media-amazon.com/images/I/61AQr8vOg5L._AC_UL320_.jpg
Anne Klein Women's Premium Crystal Accented Bangle Watch and Bracelet Set,No rating,Price not available,https://www.amazon.com/Anne-Klein-AK-1868GBST-Crystal-Accented/dp/B00QRSZOQY/ref=sr_1_16?dib=eyJ2IjoiMSJ9.TjZCxwqopMjUvuJl3tDxzhOO9kTK8w6wHw8wsnLgIVk0zY6oIdCZ4d0vNcgKPCdoLtN9T1BcsNA91kZKa9K0lL8b0AAmjeSsGvpVPTtrM7ON8plwA4OdHR_cYlcR8EfManGhElrdlv0HlmXNVuwBHw3A1xaCnJZJPD6WYGL0uBUpUkb0pJk7o4N0rHaJV9xwWbBXUILR3s_7GDMumP9SmOg4eWJtUEZD3rkAEKhJRKLb-b_lEt2dvxFL3Yqnk8jW7h2mA_jrzeAwjLKizHelZiSNc0Xawzl3pNFvu5QjAHI.3A5sGkySBuvT3mDgxstiTE1dQDhZyb1l7VbaJvyoHPw&dib_tag=se&keywords=women+watch&qid=1727252848&sr=8-16,https://m.media-amazon.com/images/I/81TNLTdDuCL._AC_UL320_.jpg
"Michael Kors Slim Runway Women's Watch, Stainless Steel Bracelet Watch for Women",No rating,78.,https://www.amazon.com/Michael-Kors-Womens-Gold-Tone-MK3513/dp/B01BESQG9K/ref=sr_1_17?dib=eyJ2IjoiMSJ9.TjZCxwqopMjUvuJl3tDxzhOO9kTK8w6wHw8wsnLgIVk0zY6oIdCZ4d0vNcgKPCdoLtN9T1BcsNA91kZKa9K0lL8b0AAmjeSsGvpVPTtrM7ON8plwA4OdHR_cYlcR8EfManGhElrdlv0HlmXNVuwBHw3A1xaCnJZJPD6WYGL0uBUpUkb0pJk7o4N0rHaJV9xwWbBXUILR3s_7GDMumP9SmOg4eWJtUEZD3rkAEKhJRKLb-b_lEt2dvxFL3Yqnk8jW7h2mA_jrzeAwjLKizHelZiSNc0Xawzl3pNFvu5QjAHI.3A5sGkySBuvT3mDgxstiTE1dQDhZyb1l7VbaJvyoHPw&dib_tag=se&keywords=women+watch&qid=1727252848&sr=8-17,https://m.media-amazon.com/images/I/51IjI1DKDdL._AC_UL320_.jpg
Nine West Women's Bracelet Watch,No rating,18.,https://www.amazon.com/Nine-West-Silver-Tone-NW-2337OMSV/dp/B07SZ5QXH4/ref=sr_1_18?dib=eyJ2IjoiMSJ9.TjZCxwqopMjUvuJl3tDxzhOO9kTK8w6wHw8wsnLgIVk0zY6oIdCZ4d0vNcgKPCdoLtN9T1BcsNA91kZKa9K0lL8b0AAmjeSsGvpVPTtrM7ON8plwA4OdHR_cYlcR8EfManGhElrdlv0HlmXNVuwBHw3A1xaCnJZJPD6WYGL0uBUpUkb0pJk7o4N0rHaJV9xwWbBXUILR3s_7GDMumP9SmOg4eWJtUEZD3rkAEKhJRKLb-b_lEt2dvxFL3Yqnk8jW7h2mA_jrzeAwjLKizHelZiSNc0Xawzl3pNFvu5QjAHI.3A5sGkySBuvT3mDgxstiTE1dQDhZyb1l7VbaJvyoHPw&dib_tag=se&keywords=women+watch&qid=1727252848&sr=8-18,https://m.media-amazon.com/images/I/91H3ETNzJ3L._AC_UL320_.jpg
"Fossil Women's Scarlette Mini Quartz Stainless Steel Three-Hand Watch, Color: Gold/Gold (Model: ES5338)",No rating,108.,https://www.amazon.com/sspa/click?ie=UTF8&spc=MTo1OTg4OTQxNDAzMTE1ODI2OjE3MjcyNTI4NDg6c3BfbXRmOjMwMDM4Mzc5MTQ0NTQwMjo6MDo6&url=%2FFossil-Womens-Scarlette-Stainless-Three-Hand%2Fdp%2FB0CRD2CVZL%2Fref%3Dsr_1_19_sspa%3Fdib%3DeyJ2IjoiMSJ9.TjZCxwqopMjUvuJl3tDxzhOO9kTK8w6wHw8wsnLgIVk0zY6oIdCZ4d0vNcgKPCdoLtN9T1BcsNA91kZKa9K0lL8b0AAmjeSsGvpVPTtrM7ON8plwA4OdHR_cYlcR8EfManGhElrdlv0HlmXNVuwBHw3A1xaCnJZJPD6WYGL0uBUpUkb0pJk7o4N0rHaJV9xwWbBXUILR3s_7GDMumP9SmOg4eWJtUEZD3rkAEKhJRKLb-b_lEt2dvxFL3Yqnk8jW7h2mA_jrzeAwjLKizHelZiSNc0Xawzl3pNFvu5QjAHI.3A5sGkySBuvT3mDgxstiTE1dQDhZyb1l7VbaJvyoHPw%26dib_tag%3Dse%26keywords%3Dwomen%2Bwatch%26qid%3D1727252848%26sr%3D8-19-spons%26sp_csd%3Dd2lkZ2V0TmFtZT1zcF9tdGY%26psc%3D1,https://m.media-amazon.com/images/I/71tNIz6kqTL._AC_UL320_.jpg
Skagen Women's Watch,No rating,99.,https://www.amazon.com/sspa/click?ie=UTF8&spc=MTo1OTg4OTQxNDAzMTE1ODI2OjE3MjcyNTI4NDg6c3BfbXRmOjMwMDE4NTc1NjAzMTIwMjo6MDo6&url=%2FSkagen-Womens-Signatur-Quartz-Stainless%2Fdp%2FB077SLFNVR%2Fref%3Dsr_1_20_sspa%3Fdib%3DeyJ2IjoiMSJ9.TjZCxwqopMjUvuJl3tDxzhOO9kTK8w6wHw8wsnLgIVk0zY6oIdCZ4d0vNcgKPCdoLtN9T1BcsNA91kZKa9K0lL8b0AAmjeSsGvpVPTtrM7ON8plwA4OdHR_cYlcR8EfManGhElrdlv0HlmXNVuwBHw3A1xaCnJZJPD6WYGL0uBUpUkb0pJk7o4N0rHaJV9xwWbBXUILR3s_7GDMumP9SmOg4eWJtUEZD3rkAEKhJRKLb-b_lEt2dvxFL3Yqnk8jW7h2mA_jrzeAwjLKizHelZiSNc0Xawzl3pNFvu5QjAHI.3A5sGkySBuvT3mDgxstiTE1dQDhZyb1l7VbaJvyoHPw%26dib_tag%3Dse%26keywords%3Dwomen%2Bwatch%26qid%3D1727252848%26sr%3D8-20-spons%26sp_csd%3Dd2lkZ2V0TmFtZT1zcF9tdGY%26psc%3D1,https://m.media-amazon.com/images/I/716Q09Kg2EL._AC_UL320_.jpg
Mickey Mouse Adult Classic Cardiff Articulating Hands Analog Quartz Leather Strap Watch,No rating,35.,https://www.amazon.com/sspa/click?ie=UTF8&spc=MTo1OTg4OTQxNDAzMTE1ODI2OjE3MjcyNTI4NDg6c3BfbXRmOjMwMDEyOTAwNTEzMTkwMjo6MDo6&url=%2FDisney-Womens-Mickey-Mouse-Quartz%2Fdp%2FB01CEBBKOM%2Fref%3Dsr_1_21_sspa%3Fdib%3DeyJ2IjoiMSJ9.TjZCxwqopMjUvuJl3tDxzhOO9kTK8w6wHw8wsnLgIVk0zY6oIdCZ4d0vNcgKPCdoLtN9T1BcsNA91kZKa9K0lL8b0AAmjeSsGvpVPTtrM7ON8plwA4OdHR_cYlcR8EfManGhElrdlv0HlmXNVuwBHw3A1xaCnJZJPD6WYGL0uBUpUkb0pJk7o4N0rHaJV9xwWbBXUILR3s_7GDMumP9SmOg4eWJtUEZD3rkAEKhJRKLb-b_lEt2dvxFL3Yqnk8jW7h2mA_jrzeAwjLKizHelZiSNc0Xawzl3pNFvu5QjAHI.3A5sGkySBuvT3mDgxstiTE1dQDhZyb1l7VbaJvyoHPw%26dib_tag%3Dse%26keywords%3Dwomen%2Bwatch%26qid%3D1727252848%26sr%3D8-21-spons%26sp_csd%3Dd2lkZ2V0TmFtZT1zcF9tdGY%26psc%3D1,https://m.media-amazon.com/images/I/61Kd0JKXV-L._AC_UL320_.jpg
Skagen Women's Freja Stainless Steel Dress Quartz Watch,No rating,80.,https://www.amazon.com/sspa/click?ie=UTF8&spc=MTo1OTg4OTQxNDAzMTE1ODI2OjE3MjcyNTI4NDg6c3BfbXRmOjMwMDE4NTc1NjAzMDkwMjo6MDo6&url=%2FSkagen-Womens-Quartz-Two-Tone-Stainless%2Fdp%2FB074WBW49S%2Fref%3Dsr_1_22_sspa%3Fdib%3DeyJ2IjoiMSJ9.TjZCxwqopMjUvuJl3tDxzhOO9kTK8w6wHw8wsnLgIVk0zY6oIdCZ4d0vNcgKPCdoLtN9T1BcsNA91kZKa9K0lL8b0AAmjeSsGvpVPTtrM7ON8plwA4OdHR_cYlcR8EfManGhElrdlv0HlmXNVuwBHw3A1xaCnJZJPD6WYGL0uBUpUkb0pJk7o4N0rHaJV9xwWbBXUILR3s_7GDMumP9SmOg4eWJtUEZD3rkAEKhJRKLb-b_lEt2dvxFL3Yqnk8jW7h2mA_jrzeAwjLKizHelZiSNc0Xawzl3pNFvu5QjAHI.3A5sGkySBuvT3mDgxstiTE1dQDhZyb1l7VbaJvyoHPw%26dib_tag%3Dse%26keywords%3Dwomen%2Bwatch%26qid%3D1727252848%26sr%3D8-22-spons%26sp_csd%3Dd2lkZ2V0TmFtZT1zcF9tdGY%26psc%3D1,https://m.media-amazon.com/images/I/71K5TjeeFTL._AC_UL320_.jpg
Anne Klein Women's Leather Strap Watch,No rating,20.,https://www.amazon.com/Anne-Klein-AK-2706CHBK-Gold-Tone/dp/B01H1UHV5S/ref=sr_1_23?dib=eyJ2IjoiMSJ9.TjZCxwqopMjUvuJl3tDxzhOO9kTK8w6wHw8wsnLgIVk0zY6oIdCZ4d0vNcgKPCdoLtN9T1BcsNA91kZKa9K0lL8b0AAmjeSsGvpVPTtrM7ON8plwA4OdHR_cYlcR8EfManGhElrdlv0HlmXNVuwBHw3A1xaCnJZJPD6WYGL0uBUpUkb0pJk7o4N0rHaJV9xwWbBXUILR3s_7GDMumP9SmOg4eWJtUEZD3rkAEKhJRKLb-b_lEt2dvxFL3Yqnk8jW7h2mA_jrzeAwjLKizHelZiSNc0Xawzl3pNFvu5QjAHI.3A5sGkySBuvT3mDgxstiTE1dQDhZyb1l7VbaJvyoHPw&dib_tag=se&keywords=women+watch&qid=1727252848&sr=8-23,https://m.media-amazon.com/images/I/61u9FaAuQGL._AC_UL320_.jpg
Anne Klein Women's Resin Bracelet Watch,No rating,30.,https://www.amazon.com/Anne-Klein-Womens-Gold-Tone-Bracelet/dp/B078ZK2DVS/ref=sr_1_24?dib=eyJ2IjoiMSJ9.TjZCxwqopMjUvuJl3tDxzhOO9kTK8w6wHw8wsnLgIVk0zY6oIdCZ4d0vNcgKPCdoLtN9T1BcsNA91kZKa9K0lL8b0AAmjeSsGvpVPTtrM7ON8plwA4OdHR_cYlcR8EfManGhElrdlv0HlmXNVuwBHw3A1xaCnJZJPD6WYGL0uBUpUkb0pJk7o4N0rHaJV9xwWbBXUILR3s_7GDMumP9SmOg4eWJtUEZD3rkAEKhJRKLb-b_lEt2dvxFL3Yqnk8jW7h2mA_jrzeAwjLKizHelZiSNc0Xawzl3pNFvu5QjAHI.3A5sGkySBuvT3mDgxstiTE1dQDhZyb1l7VbaJvyoHPw&dib_tag=se&keywords=women+watch&qid=1727252848&sr=8-24,https://m.media-amazon.com/images/I/815ddpJsVGL._AC_UL320_.jpg
Anne Klein Women's Date Function Bracelet Watch,No rating,28.,https://www.amazon.com/Anne-Klein-Womens-10-6777SVTT-Two-Tone/dp/B000PU3IJ0/ref=sr_1_25?dib=eyJ2IjoiMSJ9.TjZCxwqopMjUvuJl3tDxzhOO9kTK8w6wHw8wsnLgIVk0zY6oIdCZ4d0vNcgKPCdoLtN9T1BcsNA91kZKa9K0lL8b0AAmjeSsGvpVPTtrM7ON8plwA4OdHR_cYlcR8EfManGhElrdlv0HlmXNVuwBHw3A1xaCnJZJPD6WYGL0uBUpUkb0pJk7o4N0rHaJV9xwWbBXUILR3s_7GDMumP9SmOg4eWJtUEZD3rkAEKhJRKLb-b_lEt2dvxFL3Yqnk8jW7h2mA_jrzeAwjLKizHelZiSNc0Xawzl3pNFvu5QjAHI.3A5sGkySBuvT3mDgxstiTE1dQDhZyb1l7VbaJvyoHPw&dib_tag=se&keywords=women+watch&qid=1727252848&sr=8-25,https://m.media-amazon.com/images/I/71HA+YjsWcL._AC_UL320_.jpg
Nine West Women's Strap Watch,No rating,17.,https://www.amazon.com/Nine-West-NW-1994WTPK-Gold-Tone/dp/B06XDQMPKP/ref=sr_1_26?dib=eyJ2IjoiMSJ9.TjZCxwqopMjUvuJl3tDxzhOO9kTK8w6wHw8wsnLgIVk0zY6oIdCZ4d0vNcgKPCdoLtN9T1BcsNA91kZKa9K0lL8b0AAmjeSsGvpVPTtrM7ON8plwA4OdHR_cYlcR8EfManGhElrdlv0HlmXNVuwBHw3A1xaCnJZJPD6WYGL0uBUpUkb0pJk7o4N0rHaJV9xwWbBXUILR3s_7GDMumP9SmOg4eWJtUEZD3rkAEKhJRKLb-b_lEt2dvxFL3Yqnk8jW7h2mA_jrzeAwjLKizHelZiSNc0Xawzl3pNFvu5QjAHI.3A5sGkySBuvT3mDgxstiTE1dQDhZyb1l7VbaJvyoHPw&dib_tag=se&keywords=women+watch&qid=1727252848&sr=8-26,https://m.media-amazon.com/images/I/712fJMj79IL._AC_UL320_.jpg
Timex Women's Easy Reader Watch,No rating,34.,https://www.amazon.com/Timex-Womens-Easy-Reader-Watch/dp/B000AYW0M2/ref=sr_1_27?dib=eyJ2IjoiMSJ9.TjZCxwqopMjUvuJl3tDxzhOO9kTK8w6wHw8wsnLgIVk0zY6oIdCZ4d0vNcgKPCdoLtN9T1BcsNA91kZKa9K0lL8b0AAmjeSsGvpVPTtrM7ON8plwA4OdHR_cYlcR8EfManGhElrdlv0HlmXNVuwBHw3A1xaCnJZJPD6WYGL0uBUpUkb0pJk7o4N0rHaJV9xwWbBXUILR3s_7GDMumP9SmOg4eWJtUEZD3rkAEKhJRKLb-b_lEt2dvxFL3Yqnk8jW7h2mA_jrzeAwjLKizHelZiSNc0Xawzl3pNFvu5QjAHI.3A5sGkySBuvT3mDgxstiTE1dQDhZyb1l7VbaJvyoHPw&dib_tag=se&keywords=women+watch&qid=1727252848&sr=8-27,https://m.media-amazon.com/images/I/81GUDUCzZTL._AC_UL320_.jpg
Anne Klein Women's Bracelet Watch,No rating,29.,https://www.amazon.com/Anne-Klein-Womens-Japanese-Quartz/dp/B09NWG51YL/ref=sr_1_28?dib=eyJ2IjoiMSJ9.TjZCxwqopMjUvuJl3tDxzhOO9kTK8w6wHw8wsnLgIVk0zY6oIdCZ4d0vNcgKPCdoLtN9T1BcsNA91kZKa9K0lL8b0AAmjeSsGvpVPTtrM7ON8plwA4OdHR_cYlcR8EfManGhElrdlv0HlmXNVuwBHw3A1xaCnJZJPD6WYGL0uBUpUkb0pJk7o4N0rHaJV9xwWbBXUILR3s_7GDMumP9SmOg4eWJtUEZD3rkAEKhJRKLb-b_lEt2dvxFL3Yqnk8jW7h2mA_jrzeAwjLKizHelZiSNc0Xawzl3pNFvu5QjAHI.3A5sGkySBuvT3mDgxstiTE1dQDhZyb1l7VbaJvyoHPw&dib_tag=se&keywords=women+watch&qid=1727252848&sr=8-28,https://m.media-amazon.com/images/I/41eVwddMoVL._AC_UL320_.jpg
Anne Klein Women's Bracelet Watch,No rating,27.,https://www.amazon.com/Anne-Klein-Womens-104899SVTT-Two-Tone/dp/B0006MFKJS/ref=sr_1_29?dib=eyJ2IjoiMSJ9.TjZCxwqopMjUvuJl3tDxzhOO9kTK8w6wHw8wsnLgIVk0zY6oIdCZ4d0vNcgKPCdoLtN9T1BcsNA91kZKa9K0lL8b0AAmjeSsGvpVPTtrM7ON8plwA4OdHR_cYlcR8EfManGhElrdlv0HlmXNVuwBHw3A1xaCnJZJPD6WYGL0uBUpUkb0pJk7o4N0rHaJV9xwWbBXUILR3s_7GDMumP9SmOg4eWJtUEZD3rkAEKhJRKLb-b_lEt2dvxFL3Yqnk8jW7h2mA_jrzeAwjLKizHelZiSNc0Xawzl3pNFvu5QjAHI.3A5sGkySBuvT3mDgxstiTE1dQDhZyb1l7VbaJvyoHPw&dib_tag=se&keywords=women+watch&qid=1727252848&sr=8-29,https://m.media-amazon.com/images/I/61OqNgo7LqL._AC_UL320_.jpg
Casio Women's Vintage LA670WGA-1DF Daily Alarm Digital Gold-tone Watch,No rating,Price not available,https://www.amazon.com/Casio-Vintage-LA670WGA-1DF-Digital-Gold-tone/dp/B003BJFQW4/ref=sr_1_30?dib=eyJ2IjoiMSJ9.TjZCxwqopMjUvuJl3tDxzhOO9kTK8w6wHw8wsnLgIVk0zY6oIdCZ4d0vNcgKPCdoLtN9T1BcsNA91kZKa9K0lL8b0AAmjeSsGvpVPTtrM7ON8plwA4OdHR_cYlcR8EfManGhElrdlv0HlmXNVuwBHw3A1xaCnJZJPD6WYGL0uBUpUkb0pJk7o4N0rHaJV9xwWbBXUILR3s_7GDMumP9SmOg4eWJtUEZD3rkAEKhJRKLb-b_lEt2dvxFL3Yqnk8jW7h2mA_jrzeAwjLKizHelZiSNc0Xawzl3pNFvu5QjAHI.3A5sGkySBuvT3mDgxstiTE1dQDhZyb1l7VbaJvyoHPw&dib_tag=se&keywords=women+watch&qid=1727252848&sr=8-30,https://m.media-amazon.com/images/I/61wgVZBtAAL._AC_UL320_.jpg
Anne Klein Women's Bracelet Watch,No rating,22.,https://www.amazon.com/Anne-Klein-AK-2787SVTT-Two-Tone/dp/B01H1V6JMS/ref=sr_1_31?dib=eyJ2IjoiMSJ9.TjZCxwqopMjUvuJl3tDxzhOO9kTK8w6wHw8wsnLgIVk0zY6oIdCZ4d0vNcgKPCdoLtN9T1BcsNA91kZKa9K0lL8b0AAmjeSsGvpVPTtrM7ON8plwA4OdHR_cYlcR8EfManGhElrdlv0HlmXNVuwBHw3A1xaCnJZJPD6WYGL0uBUpUkb0pJk7o4N0rHaJV9xwWbBXUILR3s_7GDMumP9SmOg4eWJtUEZD3rkAEKhJRKLb-b_lEt2dvxFL3Yqnk8jW7h2mA_jrzeAwjLKizHelZiSNc0Xawzl3pNFvu5QjAHI.3A5sGkySBuvT3mDgxstiTE1dQDhZyb1l7VbaJvyoHPw&dib_tag=se&keywords=women+watch&qid=1727252848&sr=8-31,https://m.media-amazon.com/images/I/81K7PRwX9oL._AC_UL320_.jpg
"Fossil Women's Riley Quartz Stainless Steel Multifunction Watch, Color: Rose Gold Glitz (Model: ES2811)",No rating,67.,https://www.amazon.com/Fossil-Womens-Riley-Quartz-Stainless/dp/B004D4S7AY/ref=sr_1_32?dib=eyJ2IjoiMSJ9.TjZCxwqopMjUvuJl3tDxzhOO9kTK8w6wHw8wsnLgIVk0zY6oIdCZ4d0vNcgKPCdoLtN9T1BcsNA91kZKa9K0lL8b0AAmjeSsGvpVPTtrM7ON8plwA4OdHR_cYlcR8EfManGhElrdlv0HlmXNVuwBHw3A1xaCnJZJPD6WYGL0uBUpUkb0pJk7o4N0rHaJV9xwWbBXUILR3s_7GDMumP9SmOg4eWJtUEZD3rkAEKhJRKLb-b_lEt2dvxFL3Yqnk8jW7h2mA_jrzeAwjLKizHelZiSNc0Xawzl3pNFvu5QjAHI.3A5sGkySBuvT3mDgxstiTE1dQDhZyb1l7VbaJvyoHPw&dib_tag=se&keywords=women+watch&qid=1727252848&sr=8-32,https://m.media-amazon.com/images/I/71CCvrJ5JBL._AC_UL320_.jpg
Timex Women's Easy Reader Watch,No rating,41.,https://www.amazon.com/Timex-Womens-Easy-Reader-Watch/dp/B000AYW0KO/ref=sr_1_33?dib=eyJ2IjoiMSJ9.TjZCxwqopMjUvuJl3tDxzhOO9kTK8w6wHw8wsnLgIVk0zY6oIdCZ4d0vNcgKPCdoLtN9T1BcsNA91kZKa9K0lL8b0AAmjeSsGvpVPTtrM7ON8plwA4OdHR_cYlcR8EfManGhElrdlv0HlmXNVuwBHw3A1xaCnJZJPD6WYGL0uBUpUkb0pJk7o4N0rHaJV9xwWbBXUILR3s_7GDMumP9SmOg4eWJtUEZD3rkAEKhJRKLb-b_lEt2dvxFL3Yqnk8jW7h2mA_jrzeAwjLKizHelZiSNc0Xawzl3pNFvu5QjAHI.3A5sGkySBuvT3mDgxstiTE1dQDhZyb1l7VbaJvyoHPw&dib_tag=se&keywords=women+watch&qid=1727252848&sr=8-33,https://m.media-amazon.com/images/I/61dDzkYaiZL._AC_UL320_.jpg
"BOFAN Small Gold Watches for Women Easy Read Ladies Quartz Wrist Watches with Stainless Steel Expansion Band,Waterproof.",No rating,29.,https://www.amazon.com/BOFAN-Watches-Stainless-Expansion-Waterproof-%EF%BC%886-10in-6-89in%EF%BC%89/dp/B0D1TJFSKG/ref=sr_1_34?dib=eyJ2IjoiMSJ9.TjZCxwqopMjUvuJl3tDxzhOO9kTK8w6wHw8wsnLgIVk0zY6oIdCZ4d0vNcgKPCdoLtN9T1BcsNA91kZKa9K0lL8b0AAmjeSsGvpVPTtrM7ON8plwA4OdHR_cYlcR8EfManGhElrdlv0HlmXNVuwBHw3A1xaCnJZJPD6WYGL0uBUpUkb0pJk7o4N0rHaJV9xwWbBXUILR3s_7GDMumP9SmOg4eWJtUEZD3rkAEKhJRKLb-b_lEt2dvxFL3Yqnk8jW7h2mA_jrzeAwjLKizHelZiSNc0Xawzl3pNFvu5QjAHI.3A5sGkySBuvT3mDgxstiTE1dQDhZyb1l7VbaJvyoHPw&dib_tag=se&keywords=women+watch&qid=1727252848&sr=8-34,https://m.media-amazon.com/images/I/61Hm2WrH2sL._AC_UL320_.jpg
Timex Women's Cavatina 18mm Watch,No rating,39.,https://www.amazon.com/Timex-T21872-Gold-Tone-Stainless-Expansion/dp/B001AZM30Y/ref=sr_1_35?dib=eyJ2IjoiMSJ9.TjZCxwqopMjUvuJl3tDxzhOO9kTK8w6wHw8wsnLgIVk0zY6oIdCZ4d0vNcgKPCdoLtN9T1BcsNA91kZKa9K0lL8b0AAmjeSsGvpVPTtrM7ON8plwA4OdHR_cYlcR8EfManGhElrdlv0HlmXNVuwBHw3A1xaCnJZJPD6WYGL0uBUpUkb0pJk7o4N0rHaJV9xwWbBXUILR3s_7GDMumP9SmOg4eWJtUEZD3rkAEKhJRKLb-b_lEt2dvxFL3Yqnk8jW7h2mA_jrzeAwjLKizHelZiSNc0Xawzl3pNFvu5QjAHI.3A5sGkySBuvT3mDgxstiTE1dQDhZyb1l7VbaJvyoHPw&dib_tag=se&keywords=women+watch&qid=1727252848&sr=8-35,https://m.media-amazon.com/images/I/61zysol7jfL._AC_UL320_.jpg
Timex Women's Easy Reader Watch,No rating,35.,https://www.amazon.com/Timex-Womens-Easy-Reader-Watch/dp/B00HYUS5PG/ref=sr_1_36?dib=eyJ2IjoiMSJ9.TjZCxwqopMjUvuJl3tDxzhOO9kTK8w6wHw8wsnLgIVk0zY6oIdCZ4d0vNcgKPCdoLtN9T1BcsNA91kZKa9K0lL8b0AAmjeSsGvpVPTtrM7ON8plwA4OdHR_cYlcR8EfManGhElrdlv0HlmXNVuwBHw3A1xaCnJZJPD6WYGL0uBUpUkb0pJk7o4N0rHaJV9xwWbBXUILR3s_7GDMumP9SmOg4eWJtUEZD3rkAEKhJRKLb-b_lEt2dvxFL3Yqnk8jW7h2mA_jrzeAwjLKizHelZiSNc0Xawzl3pNFvu5QjAHI.3A5sGkySBuvT3mDgxstiTE1dQDhZyb1l7VbaJvyoHPw&dib_tag=se&keywords=women+watch&qid=1727252848&sr=8-36,https://m.media-amazon.com/images/I/61KD+QbD-BL._AC_UL320_.jpg
Anne Klein Women's Genuine Diamond Dial Bangle Watch,No rating,27.,https://www.amazon.com/Anne-Klein-AK-2626RGRG-Diamond-Accented/dp/B01H5CQFPO/ref=sr_1_37?dib=eyJ2IjoiMSJ9.TjZCxwqopMjUvuJl3tDxzhOO9kTK8w6wHw8wsnLgIVk0zY6oIdCZ4d0vNcgKPCdoLtN9T1BcsNA91kZKa9K0lL8b0AAmjeSsGvpVPTtrM7ON8plwA4OdHR_cYlcR8EfManGhElrdlv0HlmXNVuwBHw3A1xaCnJZJPD6WYGL0uBUpUkb0pJk7o4N0rHaJV9xwWbBXUILR3s_7GDMumP9SmOg4eWJtUEZD3rkAEKhJRKLb-b_lEt2dvxFL3Yqnk8jW7h2mA_jrzeAwjLKizHelZiSNc0Xawzl3pNFvu5QjAHI.3A5sGkySBuvT3mDgxstiTE1dQDhZyb1l7VbaJvyoHPw&dib_tag=se&keywords=women+watch&qid=1727252848&sr=8-37,https://m.media-amazon.com/images/I/81iAfA+bwbL._AC_UL320_.jpg
Nine West Women's Strap Watch,No rating,17.,https://www.amazon.com/Nine-West-NW-1856NTNT-Gold-Tone/dp/B01DVTFRTA/ref=sr_1_38?dib=eyJ2IjoiMSJ9.TjZCxwqopMjUvuJl3tDxzhOO9kTK8w6wHw8wsnLgIVk0zY6oIdCZ4d0vNcgKPCdoLtN9T1BcsNA91kZKa9K0lL8b0AAmjeSsGvpVPTtrM7ON8plwA4OdHR_cYlcR8EfManGhElrdlv0HlmXNVuwBHw3A1xaCnJZJPD6WYGL0uBUpUkb0pJk7o4N0rHaJV9xwWbBXUILR3s_7GDMumP9SmOg4eWJtUEZD3rkAEKhJRKLb-b_lEt2dvxFL3Yqnk8jW7h2mA_jrzeAwjLKizHelZiSNc0Xawzl3pNFvu5QjAHI.3A5sGkySBuvT3mDgxstiTE1dQDhZyb1l7VbaJvyoHPw&dib_tag=se&keywords=women+watch&qid=1727252848&sr=8-38,https://m.media-amazon.com/images/I/81yd4o7uKZL._AC_UL320_.jpg
Nine West Women's Gunmetal Bracelet Watch,No rating,20.,https://www.amazon.com/Womens-Gunmetal-Bracelet-NW-2435PRGY/dp/B081J7FQF6/ref=sr_1_39?dib=eyJ2IjoiMSJ9.TjZCxwqopMjUvuJl3tDxzhOO9kTK8w6wHw8wsnLgIVk0zY6oIdCZ4d0vNcgKPCdoLtN9T1BcsNA91kZKa9K0lL8b0AAmjeSsGvpVPTtrM7ON8plwA4OdHR_cYlcR8EfManGhElrdlv0HlmXNVuwBHw3A1xaCnJZJPD6WYGL0uBUpUkb0pJk7o4N0rHaJV9xwWbBXUILR3s_7GDMumP9SmOg4eWJtUEZD3rkAEKhJRKLb-b_lEt2dvxFL3Yqnk8jW7h2mA_jrzeAwjLKizHelZiSNc0Xawzl3pNFvu5QjAHI.3A5sGkySBuvT3mDgxstiTE1dQDhZyb1l7VbaJvyoHPw&dib_tag=se&keywords=women+watch&qid=1727252848&sr=8-39,https://m.media-amazon.com/images/I/713KvcFXQCL._AC_UL320_.jpg
Anne Klein Women's Bracelet Watch,No rating,28.,https://www.amazon.com/Anne-Klein-AK-2158GYGB-Gold-Tone/dp/B07M9RWN2P/ref=sr_1_40?dib=eyJ2IjoiMSJ9.TjZCxwqopMjUvuJl3tDxzhOO9kTK8w6wHw8wsnLgIVk0zY6oIdCZ4d0vNcgKPCdoLtN9T1BcsNA91kZKa9K0lL8b0AAmjeSsGvpVPTtrM7ON8plwA4OdHR_cYlcR8EfManGhElrdlv0HlmXNVuwBHw3A1xaCnJZJPD6WYGL0uBUpUkb0pJk7o4N0rHaJV9xwWbBXUILR3s_7GDMumP9SmOg4eWJtUEZD3rkAEKhJRKLb-b_lEt2dvxFL3Yqnk8jW7h2mA_jrzeAwjLKizHelZiSNc0Xawzl3pNFvu5QjAHI.3A5sGkySBuvT3mDgxstiTE1dQDhZyb1l7VbaJvyoHPw&dib_tag=se&keywords=women+watch&qid=1727252848&sr=8-40,https://m.media-amazon.com/images/I/71zf0IXAErL._AC_UL320_.jpg
Anne Klein Women's Genuine Diamond Dial Bracelet Watch,No rating,31.,https://www.amazon.com/Anne-Klein-AK-1362GNRG-Gold-Toned/dp/B07FBJFLJJ/ref=sr_1_41?dib=eyJ2IjoiMSJ9.TjZCxwqopMjUvuJl3tDxzhOO9kTK8w6wHw8wsnLgIVk0zY6oIdCZ4d0vNcgKPCdoLtN9T1BcsNA91kZKa9K0lL8b0AAmjeSsGvpVPTtrM7ON8plwA4OdHR_cYlcR8EfManGhElrdlv0HlmXNVuwBHw3A1xaCnJZJPD6WYGL0uBUpUkb0pJk7o4N0rHaJV9xwWbBXUILR3s_7GDMumP9SmOg4eWJtUEZD3rkAEKhJRKLb-b_lEt2dvxFL3Yqnk8jW7h2mA_jrzeAwjLKizHelZiSNc0Xawzl3pNFvu5QjAHI.3A5sGkySBuvT3mDgxstiTE1dQDhZyb1l7VbaJvyoHPw&dib_tag=se&keywords=women+watch&qid=1727252848&sr=8-41,https://m.media-amazon.com/images/I/71xFEiIvItS._AC_UL320_.jpg
Michael Kors Darci Three-Hand Rose Gold-Tone Women's Watch (Model: MK3192),No rating,100.,https://www.amazon.com/Michael-Kors-Womens-Gold-Tone-MK3192/dp/B009DFSRZS/ref=sr_1_42?dib=eyJ2IjoiMSJ9.TjZCxwqopMjUvuJl3tDxzhOO9kTK8w6wHw8wsnLgIVk0zY6oIdCZ4d0vNcgKPCdoLtN9T1BcsNA91kZKa9K0lL8b0AAmjeSsGvpVPTtrM7ON8plwA4OdHR_cYlcR8EfManGhElrdlv0HlmXNVuwBHw3A1xaCnJZJPD6WYGL0uBUpUkb0pJk7o4N0rHaJV9xwWbBXUILR3s_7GDMumP9SmOg4eWJtUEZD3rkAEKhJRKLb-b_lEt2dvxFL3Yqnk8jW7h2mA_jrzeAwjLKizHelZiSNc0Xawzl3pNFvu5QjAHI.3A5sGkySBuvT3mDgxstiTE1dQDhZyb1l7VbaJvyoHPw&dib_tag=se&keywords=women+watch&qid=1727252848&sr=8-42,https://m.media-amazon.com/images/I/71N7p23TNWL._AC_UL320_.jpg
Timex Women's Easy Reader Watch,No rating,35.,https://www.amazon.com/Timex-Womens-TW2R62700-Gold-Tone-Leather/dp/B079HX636X/ref=sr_1_43?dib=eyJ2IjoiMSJ9.TjZCxwqopMjUvuJl3tDxzhOO9kTK8w6wHw8wsnLgIVk0zY6oIdCZ4d0vNcgKPCdoLtN9T1BcsNA91kZKa9K0lL8b0AAmjeSsGvpVPTtrM7ON8plwA4OdHR_cYlcR8EfManGhElrdlv0HlmXNVuwBHw3A1xaCnJZJPD6WYGL0uBUpUkb0pJk7o4N0rHaJV9xwWbBXUILR3s_7GDMumP9SmOg4eWJtUEZD3rkAEKhJRKLb-b_lEt2dvxFL3Yqnk8jW7h2mA_jrzeAwjLKizHelZiSNc0Xawzl3pNFvu5QjAHI.3A5sGkySBuvT3mDgxstiTE1dQDhZyb1l7VbaJvyoHPw&dib_tag=se&keywords=women+watch&qid=1727252848&sr=8-43,https://m.media-amazon.com/images/I/61eV5RQyLRL._AC_UL320_.jpg
Nine West Women's Mesh Bracelet Watch,No rating,19.,https://www.amazon.com/Nine-West-Womens-Japanese-Stainless/dp/B0979QJWQJ/ref=sr_1_44?dib=eyJ2IjoiMSJ9.TjZCxwqopMjUvuJl3tDxzhOO9kTK8w6wHw8wsnLgIVk0zY6oIdCZ4d0vNcgKPCdoLtN9T1BcsNA91kZKa9K0lL8b0AAmjeSsGvpVPTtrM7ON8plwA4OdHR_cYlcR8EfManGhElrdlv0HlmXNVuwBHw3A1xaCnJZJPD6WYGL0uBUpUkb0pJk7o4N0rHaJV9xwWbBXUILR3s_7GDMumP9SmOg4eWJtUEZD3rkAEKhJRKLb-b_lEt2dvxFL3Yqnk8jW7h2mA_jrzeAwjLKizHelZiSNc0Xawzl3pNFvu5QjAHI.3A5sGkySBuvT3mDgxstiTE1dQDhZyb1l7VbaJvyoHPw&dib_tag=se&keywords=women+watch&qid=1727252848&sr=8-44,https://m.media-amazon.com/images/I/71IgiZ2pkjL._AC_UL320_.jpg
Anne Klein Women's Resin Bracelet Watch,No rating,26.,https://www.amazon.com/Anne-Klein-AK-1413LBSV-Silver-Tone/dp/B07L6Y2SGL/ref=sr_1_45?dib=eyJ2IjoiMSJ9.TjZCxwqopMjUvuJl3tDxzhOO9kTK8w6wHw8wsnLgIVk0zY6oIdCZ4d0vNcgKPCdoLtN9T1BcsNA91kZKa9K0lL8b0AAmjeSsGvpVPTtrM7ON8plwA4OdHR_cYlcR8EfManGhElrdlv0HlmXNVuwBHw3A1xaCnJZJPD6WYGL0uBUpUkb0pJk7o4N0rHaJV9xwWbBXUILR3s_7GDMumP9SmOg4eWJtUEZD3rkAEKhJRKLb-b_lEt2dvxFL3Yqnk8jW7h2mA_jrzeAwjLKizHelZiSNc0Xawzl3pNFvu5QjAHI.3A5sGkySBuvT3mDgxstiTE1dQDhZyb1l7VbaJvyoHPw&dib_tag=se&keywords=women+watch&qid=1727252848&sr=8-45,https://m.media-amazon.com/images/I/815l-fWkgmL._AC_UL320_.jpg
Anne Klein Women's Genuine Diamond Dial Ceramic Bracelet Watch,No rating,34.,https://www.amazon.com/Anne-Klein-AK-1018BKBK-Bracelet/dp/B008BLZU50/ref=sr_1_46?dib=eyJ2IjoiMSJ9.TjZCxwqopMjUvuJl3tDxzhOO9kTK8w6wHw8wsnLgIVk0zY6oIdCZ4d0vNcgKPCdoLtN9T1BcsNA91kZKa9K0lL8b0AAmjeSsGvpVPTtrM7ON8plwA4OdHR_cYlcR8EfManGhElrdlv0HlmXNVuwBHw3A1xaCnJZJPD6WYGL0uBUpUkb0pJk7o4N0rHaJV9xwWbBXUILR3s_7GDMumP9SmOg4eWJtUEZD3rkAEKhJRKLb-b_lEt2dvxFL3Yqnk8jW7h2mA_jrzeAwjLKizHelZiSNc0Xawzl3pNFvu5QjAHI.3A5sGkySBuvT3mDgxstiTE1dQDhZyb1l7VbaJvyoHPw&dib_tag=se&keywords=women+watch&qid=1727252848&sr=8-46,https://m.media-amazon.com/images/I/710EMVovd5L._AC_UL320_.jpg
"Anne Klein Women's Premium Crystal Accented Gold-Tone Charm Bracelet Watch, 10/7604CHRM",No rating,65.,https://www.amazon.com/Anne-Klein-10-7604CHRM-Gold-Tone/dp/B000MPMF24/ref=sr_1_47?dib=eyJ2IjoiMSJ9.TjZCxwqopMjUvuJl3tDxzhOO9kTK8w6wHw8wsnLgIVk0zY6oIdCZ4d0vNcgKPCdoLtN9T1BcsNA91kZKa9K0lL8b0AAmjeSsGvpVPTtrM7ON8plwA4OdHR_cYlcR8EfManGhElrdlv0HlmXNVuwBHw3A1xaCnJZJPD6WYGL0uBUpUkb0pJk7o4N0rHaJV9xwWbBXUILR3s_7GDMumP9SmOg4eWJtUEZD3rkAEKhJRKLb-b_lEt2dvxFL3Yqnk8jW7h2mA_jrzeAwjLKizHelZiSNc0Xawzl3pNFvu5QjAHI.3A5sGkySBuvT3mDgxstiTE1dQDhZyb1l7VbaJvyoHPw&dib_tag=se&keywords=women+watch&qid=1727252848&sr=8-47,https://m.media-amazon.com/images/I/713ngzIurmL._AC_UL320_.jpg
Nine West Women's Bracelet Watch,No rating,19.,https://www.amazon.com/Gunmetal-Silver-Tone-Bracelet-NW-2429FLGY/dp/B081JCPMZF/ref=sr_1_48?dib=eyJ2IjoiMSJ9.TjZCxwqopMjUvuJl3tDxzhOO9kTK8w6wHw8wsnLgIVk0zY6oIdCZ4d0vNcgKPCdoLtN9T1BcsNA91kZKa9K0lL8b0AAmjeSsGvpVPTtrM7ON8plwA4OdHR_cYlcR8EfManGhElrdlv0HlmXNVuwBHw3A1xaCnJZJPD6WYGL0uBUpUkb0pJk7o4N0rHaJV9xwWbBXUILR3s_7GDMumP9SmOg4eWJtUEZD3rkAEKhJRKLb-b_lEt2dvxFL3Yqnk8jW7h2mA_jrzeAwjLKizHelZiSNc0Xawzl3pNFvu5QjAHI.3A5sGkySBuvT3mDgxstiTE1dQDhZyb1l7VbaJvyoHPw&dib_tag=se&keywords=women+watch&qid=1727252848&sr=8-48,https://m.media-amazon.com/images/I/71LmF0j+BfL._AC_UL320_.jpg
"Michael Kors Lexington Women's Watch, Stainless Steel Chronograph Watch for Women",No rating,168.,https://www.amazon.com/Michael-Kors-Lexington-Gold-Tone-Stainless/dp/B0CFVJZYBZ/ref=sr_1_49?dib=eyJ2IjoiMSJ9.TjZCxwqopMjUvuJl3tDxzhOO9kTK8w6wHw8wsnLgIVk0zY6oIdCZ4d0vNcgKPCdoLtN9T1BcsNA91kZKa9K0lL8b0AAmjeSsGvpVPTtrM7ON8plwA4OdHR_cYlcR8EfManGhElrdlv0HlmXNVuwBHw3A1xaCnJZJPD6WYGL0uBUpUkb0pJk7o4N0rHaJV9xwWbBXUILR3s_7GDMumP9SmOg4eWJtUEZD3rkAEKhJRKLb-b_lEt2dvxFL3Yqnk8jW7h2mA_jrzeAwjLKizHelZiSNc0Xawzl3pNFvu5QjAHI.3A5sGkySBuvT3mDgxstiTE1dQDhZyb1l7VbaJvyoHPw&dib_tag=se&keywords=women+watch&qid=1727252848&sr=8-49,https://m.media-amazon.com/images/I/61MjEtfKfQL._AC_UL320_.jpg
GUESS Women's Silver-Tone Multi-Chain Bracelet Watch,No rating,90.,https://www.amazon.com/GUESS-Gold-Tone-Multi-Chain-Bracelet-Self-Adjustable/dp/B0797D3J94/ref=sr_1_50?dib=eyJ2IjoiMSJ9.TjZCxwqopMjUvuJl3tDxzhOO9kTK8w6wHw8wsnLgIVk0zY6oIdCZ4d0vNcgKPCdoLtN9T1BcsNA91kZKa9K0lL8b0AAmjeSsGvpVPTtrM7ON8plwA4OdHR_cYlcR8EfManGhElrdlv0HlmXNVuwBHw3A1xaCnJZJPD6WYGL0uBUpUkb0pJk7o4N0rHaJV9xwWbBXUILR3s_7GDMumP9SmOg4eWJtUEZD3rkAEKhJRKLb-b_lEt2dvxFL3Yqnk8jW7h2mA_jrzeAwjLKizHelZiSNc0Xawzl3pNFvu5QjAHI.3A5sGkySBuvT3mDgxstiTE1dQDhZyb1l7VbaJvyoHPw&dib_tag=se&keywords=women+watch&qid=1727252848&sr=8-50,https://m.media-amazon.com/images/I/719M-GcMdRL._AC_UL320_.jpg
"Fossil Women's Riley Quartz Stainless Steel Multifunction Watch, Color: Gold Glitz (Model: ES3203)",No rating,68.,https://www.amazon.com/Fossil-ES3203-Multifunction-Gold-Tone-Stainless/dp/B009BEOAGQ/ref=sr_1_51?dib=eyJ2IjoiMSJ9.TjZCxwqopMjUvuJl3tDxzhOO9kTK8w6wHw8wsnLgIVk0zY6oIdCZ4d0vNcgKPCdoLtN9T1BcsNA91kZKa9K0lL8b0AAmjeSsGvpVPTtrM7ON8plwA4OdHR_cYlcR8EfManGhElrdlv0HlmXNVuwBHw3A1xaCnJZJPD6WYGL0uBUpUkb0pJk7o4N0rHaJV9xwWbBXUILR3s_7GDMumP9SmOg4eWJtUEZD3rkAEKhJRKLb-b_lEt2dvxFL3Yqnk8jW7h2mA_jrzeAwjLKizHelZiSNc0Xawzl3pNFvu5QjAHI.3A5sGkySBuvT3mDgxstiTE1dQDhZyb1l7VbaJvyoHPw&dib_tag=se&keywords=women+watch&qid=1727252848&sr=8-51,https://m.media-amazon.com/images/I/71HAooNcaYL._AC_UL320_.jpg
Timex Unisex T2N647 Weekender 38mm Black Nylon Slip,No rating,38.,https://www.amazon.com/Timex-Unisex-T2N651-Weekender-Slip-Thru/dp/B004VR9HP2/ref=sr_1_52?dib=eyJ2IjoiMSJ9.TjZCxwqopMjUvuJl3tDxzhOO9kTK8w6wHw8wsnLgIVk0zY6oIdCZ4d0vNcgKPCdoLtN9T1BcsNA91kZKa9K0lL8b0AAmjeSsGvpVPTtrM7ON8plwA4OdHR_cYlcR8EfManGhElrdlv0HlmXNVuwBHw3A1xaCnJZJPD6WYGL0uBUpUkb0pJk7o4N0rHaJV9xwWbBXUILR3s_7GDMumP9SmOg4eWJtUEZD3rkAEKhJRKLb-b_lEt2dvxFL3Yqnk8jW7h2mA_jrzeAwjLKizHelZiSNc0Xawzl3pNFvu5QjAHI.3A5sGkySBuvT3mDgxstiTE1dQDhZyb1l7VbaJvyoHPw&dib_tag=se&keywords=women+watch&qid=1727252848&sr=8-52,https://m.media-amazon.com/images/I/71FcK0+PVCL._AC_UL320_.jpg
Nine West Women's Bracelet Watch,No rating,16.,https://www.amazon.com/Nine-West-NW-2225BKRT-Gold-Tone/dp/B07H3HTZDR/ref=sr_1_53?dib=eyJ2IjoiMSJ9.TjZCxwqopMjUvuJl3tDxzhOO9kTK8w6wHw8wsnLgIVk0zY6oIdCZ4d0vNcgKPCdoLtN9T1BcsNA91kZKa9K0lL8b0AAmjeSsGvpVPTtrM7ON8plwA4OdHR_cYlcR8EfManGhElrdlv0HlmXNVuwBHw3A1xaCnJZJPD6WYGL0uBUpUkb0pJk7o4N0rHaJV9xwWbBXUILR3s_7GDMumP9SmOg4eWJtUEZD3rkAEKhJRKLb-b_lEt2dvxFL3Yqnk8jW7h2mA_jrzeAwjLKizHelZiSNc0Xawzl3pNFvu5QjAHI.3A5sGkySBuvT3mDgxstiTE1dQDhZyb1l7VbaJvyoHPw&dib_tag=se&keywords=women+watch&qid=1727252848&sr=8-53,https://m.media-amazon.com/images/I/614YBjSWD8L._AC_UL320_.jpg
Nine West Women's Floral Dial Strap Watch,No rating,17.,https://www.amazon.com/Nine-West-NW-2044RGPK-Gold-Tone/dp/B072KMX19N/ref=sr_1_54?dib=eyJ2IjoiMSJ9.TjZCxwqopMjUvuJl3tDxzhOO9kTK8w6wHw8wsnLgIVk0zY6oIdCZ4d0vNcgKPCdoLtN9T1BcsNA91kZKa9K0lL8b0AAmjeSsGvpVPTtrM7ON8plwA4OdHR_cYlcR8EfManGhElrdlv0HlmXNVuwBHw3A1xaCnJZJPD6WYGL0uBUpUkb0pJk7o4N0rHaJV9xwWbBXUILR3s_7GDMumP9SmOg4eWJtUEZD3rkAEKhJRKLb-b_lEt2dvxFL3Yqnk8jW7h2mA_jrzeAwjLKizHelZiSNc0Xawzl3pNFvu5QjAHI.3A5sGkySBuvT3mDgxstiTE1dQDhZyb1l7VbaJvyoHPw&dib_tag=se&keywords=women+watch&qid=1727252848&sr=8-54,https://m.media-amazon.com/images/I/91tFCHrU6zL._AC_UL320_.jpg
Michael Kors Pyper Three-Hand Gold-Tone Stainless Steel Women's Watch (Model: MK3898),No rating,150.,https://www.amazon.com/Michael-Kors-Womens-Pyper-MK3898/dp/B07CJKN6H2/ref=sr_1_55?dib=eyJ2IjoiMSJ9.TjZCxwqopMjUvuJl3tDxzhOO9kTK8w6wHw8wsnLgIVk0zY6oIdCZ4d0vNcgKPCdoLtN9T1BcsNA91kZKa9K0lL8b0AAmjeSsGvpVPTtrM7ON8plwA4OdHR_cYlcR8EfManGhElrdlv0HlmXNVuwBHw3A1xaCnJZJPD6WYGL0uBUpUkb0pJk7o4N0rHaJV9xwWbBXUILR3s_7GDMumP9SmOg4eWJtUEZD3rkAEKhJRKLb-b_lEt2dvxFL3Yqnk8jW7h2mA_jrzeAwjLKizHelZiSNc0Xawzl3pNFvu5QjAHI.3A5sGkySBuvT3mDgxstiTE1dQDhZyb1l7VbaJvyoHPw&dib_tag=se&keywords=women+watch&qid=1727252848&sr=8-55,https://m.media-amazon.com/images/I/61dzGA9TjxL._AC_UL320_.jpg
"Fossil Women's Riley Quartz Stainless Steel and Leather Multifunction Watch, Color: Rose Gold, Sand (Model: ES3466)",No rating,80.,https://www.amazon.com/Fossil-ES3466-Gold-Tone-Stainless-Leather/dp/B00HVBJ6W4/ref=sr_1_56?dib=eyJ2IjoiMSJ9.TjZCxwqopMjUvuJl3tDxzhOO9kTK8w6wHw8wsnLgIVk0zY6oIdCZ4d0vNcgKPCdoLtN9T1BcsNA91kZKa9K0lL8b0AAmjeSsGvpVPTtrM7ON8plwA4OdHR_cYlcR8EfManGhElrdlv0HlmXNVuwBHw3A1xaCnJZJPD6WYGL0uBUpUkb0pJk7o4N0rHaJV9xwWbBXUILR3s_7GDMumP9SmOg4eWJtUEZD3rkAEKhJRKLb-b_lEt2dvxFL3Yqnk8jW7h2mA_jrzeAwjLKizHelZiSNc0Xawzl3pNFvu5QjAHI.3A5sGkySBuvT3mDgxstiTE1dQDhZyb1l7VbaJvyoHPw&dib_tag=se&keywords=women+watch&qid=1727252848&sr=8-56,https://m.media-amazon.com/images/I/71L69MmcufL._AC_UL320_.jpg
Anne Klein Women's Glitter Accented Bracelet Watch,No rating,32.,https://www.amazon.com/Anne-Klein-Glitter-Accented-Bracelet/dp/B09SJ6Y7JR/ref=sr_1_57?dib=eyJ2IjoiMSJ9.TjZCxwqopMjUvuJl3tDxzhOO9kTK8w6wHw8wsnLgIVk0zY6oIdCZ4d0vNcgKPCdoLtN9T1BcsNA91kZKa9K0lL8b0AAmjeSsGvpVPTtrM7ON8plwA4OdHR_cYlcR8EfManGhElrdlv0HlmXNVuwBHw3A1xaCnJZJPD6WYGL0uBUpUkb0pJk7o4N0rHaJV9xwWbBXUILR3s_7GDMumP9SmOg4eWJtUEZD3rkAEKhJRKLb-b_lEt2dvxFL3Yqnk8jW7h2mA_jrzeAwjLKizHelZiSNc0Xawzl3pNFvu5QjAHI.3A5sGkySBuvT3mDgxstiTE1dQDhZyb1l7VbaJvyoHPw&dib_tag=se&keywords=women+watch&qid=1727252848&sr=8-57,https://m.media-amazon.com/images/I/71ARVLzvPWL._AC_UL320_.jpg
Timex Women's Essex Ave 25mm Watch,No rating,28.,https://www.amazon.com/Timex-Womens-Avenue-Quartz-Leather/dp/B0977RCSS3/ref=sr_1_58?dib=eyJ2IjoiMSJ9.TjZCxwqopMjUvuJl3tDxzhOO9kTK8w6wHw8wsnLgIVk0zY6oIdCZ4d0vNcgKPCdoLtN9T1BcsNA91kZKa9K0lL8b0AAmjeSsGvpVPTtrM7ON8plwA4OdHR_cYlcR8EfManGhElrdlv0HlmXNVuwBHw3A1xaCnJZJPD6WYGL0uBUpUkb0pJk7o4N0rHaJV9xwWbBXUILR3s_7GDMumP9SmOg4eWJtUEZD3rkAEKhJRKLb-b_lEt2dvxFL3Yqnk8jW7h2mA_jrzeAwjLKizHelZiSNc0Xawzl3pNFvu5QjAHI.3A5sGkySBuvT3mDgxstiTE1dQDhZyb1l7VbaJvyoHPw&dib_tag=se&keywords=women+watch&qid=1727252848&sr=8-58,https://m.media-amazon.com/images/I/71StX0FceBL._AC_UL320_.jpg
Casio Women's LQ139A-1B3 Black Classic Analog Casual Watch,No rating,14.,https://www.amazon.com/Casio-Womens-LQ139A-1B3-Black-Classic/dp/B000GB0G2K/ref=sr_1_59?dib=eyJ2IjoiMSJ9.TjZCxwqopMjUvuJl3tDxzhOO9kTK8w6wHw8wsnLgIVk0zY6oIdCZ4d0vNcgKPCdoLtN9T1BcsNA91kZKa9K0lL8b0AAmjeSsGvpVPTtrM7ON8plwA4OdHR_cYlcR8EfManGhElrdlv0HlmXNVuwBHw3A1xaCnJZJPD6WYGL0uBUpUkb0pJk7o4N0rHaJV9xwWbBXUILR3s_7GDMumP9SmOg4eWJtUEZD3rkAEKhJRKLb-b_lEt2dvxFL3Yqnk8jW7h2mA_jrzeAwjLKizHelZiSNc0Xawzl3pNFvu5QjAHI.3A5sGkySBuvT3mDgxstiTE1dQDhZyb1l7VbaJvyoHPw&dib_tag=se&keywords=women+watch&qid=1727252848&sr=8-59,https://m.media-amazon.com/images/I/61mwxJmJT0L._AC_UL320_.jpg
Nine West Women's Mesh Bracelet Watch,No rating,18.,https://www.amazon.com/Nine-Womens-Sunray-Bracelet-Watch/dp/B06XDMBBFK/ref=sr_1_60?dib=eyJ2IjoiMSJ9.TjZCxwqopMjUvuJl3tDxzhOO9kTK8w6wHw8wsnLgIVk0zY6oIdCZ4d0vNcgKPCdoLtN9T1BcsNA91kZKa9K0lL8b0AAmjeSsGvpVPTtrM7ON8plwA4OdHR_cYlcR8EfManGhElrdlv0HlmXNVuwBHw3A1xaCnJZJPD6WYGL0uBUpUkb0pJk7o4N0rHaJV9xwWbBXUILR3s_7GDMumP9SmOg4eWJtUEZD3rkAEKhJRKLb-b_lEt2dvxFL3Yqnk8jW7h2mA_jrzeAwjLKizHelZiSNc0Xawzl3pNFvu5QjAHI.3A5sGkySBuvT3mDgxstiTE1dQDhZyb1l7VbaJvyoHPw&dib_tag=se&keywords=women+watch&qid=1727252848&sr=8-60,https://m.media-amazon.com/images/I/9183p+ExCVL._AC_UL320_.jpg
